Content,Posting Time
"Colorado just reset its AI law. Most owners missed it.

On May 14, Governor Polis signed SB 26-189. It rewrites Colorado's AI law and pushes the effective date to January 1, 2027 (per Consumer Finance Monitor, May 2026).

The new version is narrower. It drops the algorithmic-discrimination duty and focuses on disclosure: if you use automated tools to make consequential decisions in hiring, lending, housing, insurance, or healthcare, you owe people transparency about it.

Here's the part small businesses miss. ""We don't build AI"" doesn't get you out of it. If you use an AI hiring screen, an automated loan pre-check, or a tool that ranks patients, you're likely in scope.

You have until January to know where you stand. That's not much runway for a business that also has to, you know, run.

I built the AI Readiness Audit for exactly this. Fixed $997. 43 checkpoints across 8 domains, including a Colorado SB 26-189 exposure check. One clear report on what to fix first.

Know where you stand before the state asks.

Book it at 9ksystems.net.

#ColoradoSprings #SmallBusiness #MSP #AICompliance #ColoradoAI",2026-07-29 08:30
"Your team is pasting client data into free AI.

You just don't see it happening.

Two numbers from this month. 38% of employees admit feeding sensitive company data into AI tools to save time (per PagerDuty's 2026 shadow-AI survey). At companies under 10 people, 59% have no AI policy at all (Founder Reports, 2026).

That's not a tech problem. It's an exposure problem. Client records, vendor spreadsheets, HR files, quietly leaving through a browser tab nobody approved.

Three checks you can run today:
1. Ask each person which AI tools they use. You'll hear names you didn't authorize.
2. Check whether those tools train on your inputs. Free tiers usually do.
3. Write one page: what's allowed, what's never pasted, who to ask.

That last one costs nothing and closes most of the gap.

If you want the full picture, that's the AI Readiness Audit. Fixed $997, 43 checkpoints, one report on what's exposed and what to fix first.

The second opinion your IT provider hopes you never get.

Start at 9ksystems.net.

#ColoradoSprings #SmallBusiness #MSP #ShadowAI #AISecurity",2026-07-31 08:30
"Most AI you paid for isn't working. Here's the tell.

The data is brutal. 42% of companies abandoned at least one AI initiative last year, up from 17% the year before (S&P Global). MIT found 95% of AI pilots deliver zero measurable impact.

The common thread isn't bad tech. 73% of failed AI projects never agreed on what success meant before they started (MIT Sloan, 2025).

Small businesses feel this differently than enterprises. You don't have millions to lose on a pilot. You have a few subscriptions, a couple of automations, and a nagging sense that half of it isn't earning its keep.

So here's the operator move. Before you buy more AI, find out what your current AI is actually doing. What's exposed. What's wasted. What's one fix away from useful.

That's the whole job of the AI Readiness Audit. Fixed $997. 43 checkpoints across 8 domains. One report you can act on, with or without me.

Fixed price on purpose. A diagnosis you can trust shouldn't bill by the hour.

Book it at 9ksystems.net.

#ColoradoSprings #SmallBusiness #MSP #AIROI #ManagedIT",2026-08-03 08:30
